x,y,z
-58.1526,-7.31013,-1502.5
-65.0634,-6.24908,-1502.5
-94.7731,-4.42445,-1502.5
-69.3137,-11.7495,-1502.5
-70.8298,-8.2577,-1502.5
-79.9924,2.05796,-1502.5
-64.9976,-2.78323,-1502.5
-58.2375,-0.49578999999999995,-1502.5
-74.8062,-7.918639999999999,-1502.5
-36.7643,-3.77112,-1502.5
-64.1719,-9.89035,-1502.5
-83.7874,-9.22733,-1502.5
-85.6114,-5.40867,-1502.5
-85.3255,-6.8908,-1502.5
-83.9783,-13.2547,-1502.5
-57.265,1.48662,-1502.5
-58.2089,-12.33,-1502.5
-175.24,-11.3803,-1502.0
-163.72299999999998,-14.9522,-1502.0
-116.682,-6.22044,-1502.0
-129.47899999999998,-12.1678,-1502.0
-137.446,-5.47858,-1502.0
-105.818,-9.97268,-1502.0
-126.66,-3.7285699999999995,-1502.0
-108.941,-2.10851,-1502.0
-106.617,-3.0522099999999996,-1502.0
-135.295,-0.27369299999999996,-1502.0
-152.675,-14.9615,-1498.0
-141.969,-26.3415,-1498.0
-133.155,-20.7199,-1498.0
-129.121,-12.1807,-1498.0
-109.588,-16.2208,-1498.0
-163.297,-14.8277,-1498.0
-133.534,-18.6524,-1498.0
-113.119,-17.1172,-1498.0
-104.527,-21.2195,-1498.0
-119.43799999999999,-13.8429,-1498.0
-110.76700000000001,-14.6183,-1498.0
-105.544,-9.90147,-1498.0
-130.039,-23.9201,-1498.0
-54.1457,-20.480999999999998,-1498.0
-63.9817,-9.832930000000001,-1498.0
-57.2297,-20.1266,-1498.0
-58.0079,-12.3067,-1498.0
-57.9368,-7.301839999999999,-1498.0
-94.8333,-23.9244,-1498.0
-49.8121,-18.515,-1498.0
-69.0808,-11.7256,-1498.0
-68.7846,-16.7451,-1498.0
-97.8405,-28.5133,-1498.0
-89.5983,-27.5012,-1498.0
-83.7022,-13.2305,-1498.0
-96.1983,-18.2873,-1498.0
-69.811,-19.7682,-1498.0
-56.9341,-16.7796,-1498.0
-62.0838,-15.1364,-1498.0
-74.5482,-16.1234,-1498.0
-129.588,-32.5995,-1502.0
-101.74,-21.7974,-1502.0
-106.306,-17.3326,-1502.0
-171.28799999999998,-36.1518,-1502.0
-104.569,-33.0439,-1502.0
-115.56,-35.2694,-1502.0
-119.291,-23.4491,-1502.0
-163.786,-47.0813,-1502.0
-142.341,-26.3644,-1502.0
-106.042,-33.2361,-1502.0
-109.73200000000001,-23.9339,-1502.0
-64.021,-29.7385,-1502.0
-59.8745,-29.1034,-1502.0
-69.9274,-37.3805,-1502.0
-54.3209,-20.5251,-1502.0
-66.6072,-24.9648,-1502.0
-48.9344,-26.033,-1502.0
-51.5904,-27.9991,-1502.0
-66.0324,-24.6726,-1502.0
-56.3984,-30.8565,-1502.0
-92.774,-37.3787,-1502.0
-64.9827,-25.2119,-1502.0
-49.2851,-29.1549,-1502.0
-30.1417,-21.2795,-1502.0
-76.5264,-36.0008,-1502.0
-66.9605,-33.9326,-1502.0
-57.0632,-16.8444,-1502.0
-54.4125,-26.6244,-1502.0
-57.3894,-20.1725,-1502.0
-55.2242,-23.93,-1502.0
-56.4937,-30.7337,-1502.0
-93.9868,-36.6213,-1502.0
-122.456,-43.548,-1498.0
-128.222,-51.1665,-1498.0
-120.633,-43.3589,-1498.0
-126.08200000000001,-41.4411,-1498.0
-105.78,-33.16,-1498.0
-148.252,-46.9206,-1498.0
-100.426,-36.7443,-1498.0
-104.291,-32.9246,-1498.0
-108.01899999999999,-30.1923,-1498.0
-115.266,-35.1263,-1498.0
-153.18200000000002,-47.4656,-1498.0
-100.729,-36.7969,-1502.0
-108.736,-50.3891,-1502.0
-139.46200000000002,-56.2494,-1502.0
-95.5612,-45.2279,-1502.0
-100.53399999999999,-45.4558,-1502.0
-152.164,-61.9124,-1502.0
-128.996,-51.4095,-1502.0
-111.795,-49.335,-1502.0
-103.469,-46.6214,-1502.0
-59.703,-28.991999999999997,-1497.5
-66.7625,-33.7872,-1497.5
-49.8046,-35.2996,-1497.5
-45.416000000000004,-35.8941,-1497.5
-49.1296,-29.0804,-1497.5
-81.3408,-45.6528,-1497.5
-58.5684,-43.4131,-1497.5
-57.4004,-40.7752,-1497.5
-51.4579,-27.927,-1497.5
-55.0148,-23.8907,-1497.5
-59.2182,-34.1485,-1497.5
-85.1631,-46.8224,-1497.5
-54.2567,-26.5341,-1497.5
-48.8052,-25.9496,-1497.5
-75.8321,-52.2462,-1497.5
-56.6034,-41.7529,-1497.5
-69.732,-37.3075,-1497.5
-60.3046,-40.8544,-1497.5
-64.1079,-47.7004,-1497.5
-30.0478,-21.1401,-1497.5
-63.8267,-29.6425,-1497.5
-55.673,-38.4266,-1497.5
-56.2044,-30.776999999999997,-1497.5
-56.3569,-30.6359,-1497.5
-66.5157,-43.1945,-1497.5
-100.969,-62.4492,-1498.0
-126.837,-79.2091,-1498.0
-93.4209,-53.7234,-1498.0
-102.277,-49.8569,-1498.0
-138.191,-76.7717,-1498.0
-95.3073,-45.1018,-1498.0
-122.758,-93.8187,-1502.0
-99.6161,-76.4508,-1502.0
-87.0965,-57.3291,-1502.0
-105.587,-76.4199,-1502.0
-127.929,-90.088,-1502.0
-91.4908,-61.0666,-1502.0
-101.238,-62.5919,-1502.0
-138.821,-103.54899999999999,-1502.0
-90.1878,-70.4164,-1502.0
-115.265,-88.8675,-1502.0
-144.52100000000002,-90.3019,-1502.0
-66.2739,-54.532,-1502.5
-61.4013,-50.8964,-1502.5
-47.3517,-43.3682,-1502.5
-46.6926,-42.1478,-1502.5
-45.7991,-40.5956,-1502.5
-56.2186,-55.9386,-1502.5
-64.3066,-47.8545,-1502.5
-47.0426,-41.1316,-1502.5
-41.6442,-46.3184,-1502.5
-46.6619,-45.475,-1502.5
-54.1236,-55.7931,-1502.5
-40.2563,-40.0698,-1502.5
-55.827,-38.5738,-1502.5
-46.9508,-42.1053,-1502.5
-57.6119,-40.8873,-1502.5
-60.4894,-40.9777,-1502.5
-72.2213,-57.902,-1502.5
-40.9193,-42.4115,-1502.5
-67.5589,-66.479,-1502.5
-45.547,-36.0405,-1502.5
-58.7755,-43.5907,-1502.5
-63.0783,-64.0988,-1502.5
-49.9896,-35.4293,-1502.5
-54.2046,-44.0923,-1502.5
-30.1281,-21.2934,-1502.5
-73.456,-55.9318,-1502.5
-56.7708,-41.9442,-1502.5
-114.988,-88.5632,-1498.0
-126.902,-114.59200000000001,-1498.0
-89.9553,-70.1811,-1498.0
-108.95700000000001,-87.9745,-1498.0
-95.8943,-76.4125,-1498.0
-116.92399999999999,-101.024,-1498.0
-109.51899999999999,-88.181,-1498.0
-98.3814,-86.8616,-1498.0
-108.26700000000001,-92.0595,-1498.0
-86.69200000000001,-77.5449,-1498.0
-124.411,-95.6081,-1498.0
-117.166,-103.89,-1498.0
-99.318,-76.3118,-1498.0
-123.35,-108.505,-1498.0
-122.431,-93.5737,-1498.0
-35.7557,-44.8286,-1498.0
-40.7781,-42.2404,-1498.0
-63.6664,-75.5831,-1498.0
-34.9388,-38.9449,-1498.0
-43.5893,-62.6233,-1498.0
-67.3639,-66.2854,-1498.0
-39.0154,-57.6529,-1498.0
-47.2246,-43.2442,-1498.0
-41.4638,-46.1998,-1498.0
-40.1123,-39.998000000000005,-1498.0
-56.3628,-65.184,-1498.0
-54.7206,-61.1055,-1498.0
-49.217,-55.8935,-1498.0
-53.5362,-69.9582,-1498.0
-46.8011,-41.9785,-1498.0
-46.5395,-41.9801,-1498.0
-53.9697,-55.607,-1498.0
-44.2115,-51.9575,-1498.0
-56.0601,-55.7449,-1498.0
-46.4446,-61.886,-1498.0
-46.5485,-45.3012,-1498.0
-86.9277,-77.7707,-1502.0
-85.9175,-91.0002,-1502.0
-98.6366,-87.0754,-1502.0
-105.01799999999999,-106.538,-1502.0
-70.01899999999999,-77.97399999999999,-1502.0
-95.8773,-92.9428,-1502.0
-103.699,-114.695,-1502.0
-82.7514,-94.5954,-1502.0
-69.7965,-77.7719,-1498.0
-92.5764,-105.57600000000001,-1498.0
-82.5611,-94.2981,-1498.0
-106.631,-131.267,-1498.0
-68.0426,-92.3891,-1498.0
-113.96600000000001,-133.292,-1498.0
-103.44,-114.355,-1498.0
-84.1793,-113.774,-1498.0
-69.3298,-82.0427,-1498.0
-64.4418,-85.5483,-1498.0
-46.6002,-62.0255,-1502.0
-39.1465,-57.8047,-1502.0
-47.9289,-84.419,-1502.0
-26.9301,-48.2043,-1502.0
-49.2497,-73.516,-1502.0
-35.6963,-68.8252,-1502.0
-35.8336,-44.9345,-1502.0
-27.4782,-58.093999999999994,-1502.0
-37.7028,-57.6497,-1502.0
-15.5859,-34.9555,-1502.0
-39.0044,-78.4341,-1502.0
-42.0236,-64.2221,-1502.0
-35.3865,-43.9692,-1502.0
-43.5532,-76.4791,-1502.0
-39.2324,-59.8587,-1502.0
-43.6804,-62.81100000000001,-1502.0
-46.9853,-70.5008,-1502.0
-39.9138,-75.3248,-1502.0
-64.5732,-85.816,-1502.0
-76.7393,-115.255,-1502.0
-80.4612,-112.637,-1502.0
-67.9504,-103.11200000000001,-1502.0
-68.227,-92.654,-1502.0
-66.1695,-96.1089,-1502.0
-59.2819,-98.9194,-1502.0
-53.4167,-89.8447,-1502.0
-64.5861,-101.84899999999999,-1502.0
-79.2466,-111.914,-1502.0
-67.3033,-107.67299999999999,-1502.0
-73.1888,-114.14200000000001,-1502.0
-82.6868,-135.173,-1502.0
-64.3644,-101.633,-1498.0
-75.2777,-136.023,-1498.0
-67.7695,-133.024,-1498.0
-69.0457,-132.643,-1498.0
-67.0674,-107.411,-1498.0
-85.9892,-143.745,-1498.0
-82.4957,-134.80200000000002,-1498.0
-53.3017,-89.5811,-1498.0
-72.9478,-113.85799999999999,-1498.0
-16.6088,-60.0224,-1497.5
-39.7856,-75.0805,-1497.5
-28.2237,-75.9121,-1497.5
-26.8771,-48.0977,-1497.5
-27.3801,-57.9353,-1497.5
-37.9688,-69.8194,-1497.5
-32.3453,-81.9372,-1497.5
-17.8748,-65.0385,-1497.5
-29.3792,-68.2491,-1497.5
-38.8603,-78.2036,-1497.5
-34.6586,-78.251,-1497.5
-25.6006,-51.5489,-1497.5
-34.9618,-91.2647,-1497.5
-23.4692,-60.3834,-1497.5
-35.5861,-68.6006,-1497.5
-50.7386,-117.07799999999999,-1502.0
-46.5609,-109.102,-1502.0
-50.4134,-119.189,-1502.0
-49.6466,-118.44200000000001,-1502.0
-67.8916,-133.39700000000002,-1502.0
-61.333,-136.164,-1502.0
-31.2971,-112.337,-1498.0
-38.0558,-110.475,-1498.0
-26.3808,-101.445,-1498.0
-55.2622,-155.562,-1498.0
-56.0817,-141.939,-1498.0
-17.9583,-65.2705,-1502.5
-16.2436,-99.4656,-1502.5
-21.0685,-74.5844,-1502.5
-13.5212,-64.1375,-1502.5
-12.1079,-52.8963,-1502.5
-8.050419999999999,-68.7655,-1502.5
-16.6398,-60.2072,-1502.5
-17.0235,-86.4361,-1502.5
-14.4559,-60.9629,-1502.5
-13.6456,-70.0103,-1502.5
-11.1034,-64.7758,-1502.5
-19.4506,-93.5472,-1502.5
-38.9278,-169.114,-1502.0
-26.4622,-101.7,-1502.0
-29.2077,-149.122,-1502.0
-25.7418,-114.163,-1502.0
-32.2255,-132.974,-1502.0
-31.3938,-112.62200000000001,-1502.0
-43.9121,-159.514,-1502.0
-24.7688,-116.29799999999999,-1502.0
-31.9002,-141.2,-1502.0
-7.691210000000001,-79.5637,-1498.0
-0.046125599999999996,-65.2695,-1498.0
-8.03107,-68.5875,-1498.0
-3.31935,-57.7896,-1498.0
-4.62287,-99.2061,-1498.0
-2.63598,-89.8922,-1498.0
-6.4549199999999995,-83.6107,-1498.0
1.7602900000000001,-75.4551,-1498.0
-16.1543,-99.1538,-1498.0
-1.18639,-82.3071,-1498.0
-6.67178,-76.8071,-1498.0
-2.1253599999999997,-71.9331,-1498.0
-11.0753,-64.5707,-1498.0
-0.514682,-56.5657,-1498.0
-10.9226,-97.6808,-1498.0
-12.0969,-52.6977,-1498.0
1.19239,-66.73899999999999,-1498.0
-13.5961,-69.8352,-1498.0
-17.2685,-132.299,-1498.0
-22.0246,-143.594,-1498.0
-15.9071,-107.70100000000001,-1498.0
-17.3367,-170.06400000000002,-1498.0
-17.9993,-151.65200000000002,-1498.0
-8.00116,-106.759,-1498.0
-10.9444,-107.95299999999999,-1498.0
-29.1035,-148.74,-1498.0
-18.500999999999998,-134.62,-1498.0
-3.05602,-104.53399999999999,-1502.0
-10.9738,-120.975,-1502.0
-10.985999999999999,-108.249,-1502.0
-7.97682,-107.036,-1502.0
-5.36902,-137.24200000000002,-1502.0
-5.814430000000001,-129.553,-1502.0
-9.77024,-156.812,-1502.0
-8.066469999999999,-120.885,-1502.0
-4.97866,-128.798,-1502.0
-3.29081,-57.9198,-1502.0
-0.0403266,-65.4455,-1502.0
-2.1223799999999997,-72.1288,-1502.0
10.7845,-62.788000000000004,-1502.0
5.9408900000000004,-56.6865,-1502.0
7.703930000000001,-77.8136,-1502.0
12.8493,-76.2779,-1502.0
12.5994,-89.6723,-1502.0
4.82848,-59.7585,-1502.0
9.9691,-56.2506,-1502.0
12.7787,-76.6557,-1502.0
3.10644,-72.928,-1502.0
-1.22767,-82.5226,-1502.0
-0.525008,-56.738,-1502.0
7.0157,-75.4415,-1502.0
10.7289,-95.8568,-1502.0
7.379160000000001,-74.9615,-1502.0
5.51463,-61.4668,-1502.0
1.1798600000000001,-66.9294,-1502.0
1.76423,-75.6291,-1502.0
12.2472,-71.8136,-1502.0
2.2221599999999997,-88.4577,-1502.0
5.76999,-166.956,-1498.0
6.5223,-137.286,-1498.0
-3.01227,-104.279,-1498.0
3.3597300000000003,-142.5,-1498.0
7.57,-166.35,-1498.0
22.1951,-105.006,-1502.0
24.7228,-173.43200000000002,-1502.0
23.0733,-160.88299999999998,-1502.0
16.0944,-111.215,-1502.0
18.9702,-170.555,-1502.0
24.1866,-120.006,-1502.0
27.5325,-151.231,-1502.0
12.7651,-76.4094,-1497.5
23.5397,-93.445,-1497.5
17.4963,-70.4142,-1497.5
12.1784,-71.6094,-1497.5
5.93553,-56.5294,-1497.5
17.5447,-80.4682,-1497.5
19.2951,-94.6129,-1497.5
13.6586,-42.0065,-1497.5
18.3695,-93.7564,-1497.5
17.6665,-83.3314,-1497.5
18.7984,-60.8449,-1497.5
17.0121,-57.6882,-1497.5
10.7858,-62.596000000000004,-1497.5
27.0986,-88.9922,-1497.5
17.9938,-65.2042,-1497.5
12.5142,-76.0068,-1497.5
20.785,-71.4758,-1497.5
15.1202,-82.1494,-1497.5
20.2911,-89.3377,-1497.5
22.1718,-57.8956,-1497.5
9.94319,-56.0879,-1497.5
32.7489,-139.786,-1498.0
31.351,-118.555,-1498.0
24.069000000000003,-119.697,-1498.0
36.0234,-120.295,-1498.0
36.5335,-134.257,-1498.0
33.8227,-166.899,-1498.0
23.2229,-104.525,-1498.0
33.545,-172.653,-1498.0
35.5569,-118.09299999999999,-1498.0
28.1905,-120.509,-1498.0
37.7474,-126.939,-1498.0
31.011999999999997,-100.516,-1498.0
22.1393,-104.72200000000001,-1498.0
27.5165,-150.815,-1498.0
20.8475,-71.7221,-1502.5
29.2552,-57.8892,-1502.5
30.5674,-80.7862,-1502.5
29.245,-71.7142,-1502.5
18.8683,-61.0348,-1502.5
24.9031,-59.053000000000004,-1502.5
33.9168,-93.7067,-1502.5
23.3845,-73.3752,-1502.5
17.0749,-57.881,-1502.5
18.047,-65.4542,-1502.5
29.8742,-51.5443,-1502.5
22.2351,-58.0572,-1502.5
36.0777,-88.7324,-1502.5
40.4549,-83.7518,-1502.5
30.2578,-83.9587,-1502.5
26.307,-73.1138,-1502.5
31.4324,-118.87700000000001,-1502.0
35.4636,-111.23700000000001,-1502.0
56.6431,-158.065,-1502.0
44.3852,-142.418,-1502.0
52.4431,-146.006,-1502.0
37.8852,-127.273,-1502.0
34.9459,-106.546,-1502.0
36.5994,-134.607,-1502.0
48.2748,-120.825,-1502.0
36.0765,-120.618,-1502.0
33.9246,-114.197,-1502.0
35.6059,-118.427,-1502.0
60.0279,-159.35299999999998,-1502.0
31.1133,-100.775,-1502.0
41.0254,-136.485,-1502.0
78.0411,-156.012,-1498.0
52.3529,-101.42399999999999,-1498.0
50.2657,-109.447,-1498.0
48.1552,-120.51100000000001,-1498.0
65.7796,-132.327,-1498.0
51.3505,-100.26700000000001,-1498.0
41.7484,-74.6823,-1498.0
50.3559,-72.9389,-1498.0
29.1364,-57.7376,-1498.0
41.0317,-70.8333,-1498.0
33.3372,-49.9516,-1498.0
25.5537,-32.0931,-1498.0
38.9323,-53.1084,-1498.0
40.7194,-57.5006,-1498.0
34.6132,-48.312,-1498.0
43.068999999999996,-62.1961,-1498.0
35.3916,-44.4045,-1498.0
37.2364,-52.7739,-1498.0
29.7739,-51.4095,-1498.0
41.2774,-51.617,-1498.0
57.202,-95.5528,-1502.0
78.2431,-132.099,-1502.0
65.8931,-132.737,-1502.0
51.5095,-100.54299999999999,-1502.0
52.49,-101.68700000000001,-1502.0
53.8834,-91.9613,-1502.0
71.623,-99.9414,-1498.0
53.7264,-91.7462,-1498.0
76.4564,-119.266,-1498.0
87.6201,-124.061,-1498.0
61.2264,-72.3414,-1502.0
43.1677,-48.0407,-1502.0
48.937,-51.6392,-1502.0
34.6755,-48.4142,-1502.0
39.2476,-45.6065,-1502.0
69.8756,-69.6882,-1502.0
33.409,-50.0877,-1502.0
61.2683,-67.2321,-1502.0
65.9571,-67.4868,-1502.0
39.7009,-41.9029,-1502.0
70.1836,-71.1265,-1502.0
43.7453,-43.4049,-1502.0
49.3721,-55.6131,-1502.0
43.145,-62.411,-1502.0
43.5033,-53.7459,-1502.0
41.3375,-51.748999999999995,-1502.0
50.552,-46.9861,-1502.0
35.5,-44.5292,-1502.0
57.8535,-60.2512,-1502.0
37.6738,-40.4534,-1502.0
64.1715,-70.6394,-1502.0
37.3174,-52.8932,-1502.0
53.8903,-60.7822,-1502.0
45.2617,-48.8757,-1502.0
40.8092,-57.6744,-1502.0
69.2092,-85.8891,-1502.0
98.4798,-117.929,-1502.0
70.863,-77.4713,-1502.0
81.2891,-92.06200000000001,-1502.0
69.8906,-83.0312,-1502.0
66.3317,-91.7571,-1502.0
99.7289,-121.915,-1502.0
86.0869,-81.8796,-1498.0
75.5212,-76.0515,-1498.0
80.57,-82.161,-1498.0
70.65100000000001,-77.2625,-1498.0
85.7463,-80.7612,-1498.0
104.86,-105.319,-1498.0
107.10700000000001,-104.809,-1498.0
113.10799999999999,-111.09299999999999,-1498.0
81.0897,-91.8023,-1498.0
82.7558,-75.5787,-1498.0
83.6927,-80.0511,-1498.0
64.8242,-48.3623,-1497.5
66.4894,-45.905,-1497.5
55.6117,-43.9133,-1497.5
57.6555,-60.0591,-1497.5
50.3723,-46.8687,-1497.5
54.552,-38.1424,-1497.5
51.413999999999994,-41.6432,-1497.5
48.5598,-31.9067,-1497.5
44.3059,-36.8874,-1497.5
67.9755,-51.7112,-1497.5
75.9818,-62.3335,-1497.5
59.8509,-56.0162,-1497.5
58.0349,-43.4185,-1497.5
25.5324,-32.0186,-1497.5
66.8694,-54.8433,-1497.5
39.5474,-41.7659,-1497.5
69.6702,-69.4658,-1497.5
43.644,-43.2921,-1497.5
45.1159,-48.7575,-1497.5
37.5783,-40.3471,-1497.5
48.7754,-51.4884,-1497.5
115.82,-88.4746,-1502.0
109.555,-83.2067,-1502.0
114.435,-95.4477,-1502.0
82.9487,-75.8013,-1502.0
124.49600000000001,-114.20100000000001,-1502.0
91.334,-70.546,-1502.0
86.3302,-82.1188,-1502.0
83.8976,-80.2937,-1502.0
128.863,-106.064,-1502.0
129.287,-99.0071,-1502.0
117.97200000000001,-93.5759,-1502.0
85.9665,-80.9719,-1502.0
97.2514,-69.9355,-1502.0
126.921,-105.182,-1502.0
55.8071,-44.0211,-1502.5
57.2292,-31.5809,-1502.5
51.1475,-28.9096,-1502.5
50.8171,-22.9017,-1502.5
65.0412,-48.5069,-1502.5
32.3397,-12.9861,-1502.5
66.6854,-46.078,-1502.5
48.7261,-31.9998,-1502.5
56.8517,-27.2447,-1502.5
58.226000000000006,-43.5682,-1502.5
60.5112,-30.4255,-1502.5
54.7227,-38.2548,-1502.5
47.2369,-27.2169,-1502.5
67.8201,-46.2222,-1502.5
68.3939,-36.077,-1502.5
54.9691,-27.733,-1502.5
67.6706,-36.3961,-1502.5
86.6005,-52.3068,-1502.5
78.0735,-49.4561,-1502.5
60.9776,-38.9211,-1502.5
63.7211,-35.09,-1502.5
64.2693,-40.7624,-1502.5
58.7304,-27.5163,-1502.5
60.9569,-40.785,-1502.5
55.3661,-28.2695,-1502.5
68.2625,-47.8892,-1502.5
44.4665,-37.0129,-1502.5
96.9982,-69.7484,-1498.0
109.302,-82.9407,-1498.0
122.45700000000001,-87.2274,-1498.0
102.661,-65.3242,-1498.0
90.5433,-55.0842,-1498.0
109.81299999999999,-70.1628,-1498.0
95.8686,-67.217,-1498.0
122.811,-84.3399,-1498.0
108.82600000000001,-73.1842,-1498.0
115.536,-88.2044,-1498.0
94.7413,-60.566,-1498.0
91.0635,-70.3497,-1498.0
149.148,-76.6362,-1502.0
95.0156,-60.7687,-1502.0
87.6824,-56.4794,-1502.0
117.719,-70.0618,-1502.0
110.11399999999999,-70.347,-1502.0
90.7658,-55.2207,-1502.0
102.96700000000001,-65.4508,-1502.0
57.0592,-23.1747,-1498.0
50.99100000000001,-28.7791,-1498.0
80.6045,-37.4735,-1498.0
81.2103,-31.0136,-1498.0
68.1822,-36.0082,-1498.0
31.9531,-12.9377,-1498.0
69.0645,-31.2323,-1498.0
91.3988,-37.8028,-1498.0
57.3876,-23.9089,-1498.0
86.1977,-29.6158,-1498.0
50.6758,-22.8577,-1498.0
56.6772,-27.1837,-1498.0
57.0747,-31.5155,-1498.0
61.4279,-16.5927,-1498.0
67.4942,-36.2644,-1498.0
91.6469,-31.9812,-1498.0
63.5627,-34.9606,-1498.0
87.8357,-37.6545,-1498.0
55.1827,-21.5315,-1498.0
63.5271,-25.0961,-1498.0
58.5835,-27.4321,-1498.0
55.2172,-28.2025,-1498.0
54.8839,-18.4311,-1498.0
81.531,-34.5019,-1498.0
70.4835,-29.2764,-1498.0
54.7929,-27.6479,-1498.0
65.6107,-18.7071,-1498.0
60.3555,-30.3565,-1498.0
47.1405,-27.13,-1498.0
69.1791,-29.9267,-1498.0
118.62200000000001,-51.4202,-1498.0
99.184,-37.3718,-1498.0
143.477,-59.6071,-1498.0
122.266,-61.3369,-1498.0
114.189,-49.9003,-1498.0
116.458,-52.979,-1498.0
120.18799999999999,-53.8609,-1498.0
152.356,-71.3478,-1498.0
133.501,-54.7653,-1498.0
97.9492,-42.6749,-1498.0
96.2785,-41.4453,-1498.0
120.79700000000001,-55.2228,-1498.0
123.79299999999999,-51.4077,-1498.0
105.155,-40.2815,-1498.0
99.4681,-37.4779,-1502.0
110.65,-39.6965,-1502.0
149.58100000000002,-56.5416,-1502.0
164.888,-53.3401,-1502.0
158.393,-47.7713,-1502.0
105.42200000000001,-40.4227,-1502.0
159.387,-51.8129,-1502.0
120.22399999999999,-38.7395,-1502.0
89.6697,-21.6563,-1502.0
70.6628,-14.625,-1502.0
63.8604,-7.59271,-1502.0
32.3017,-12.9742,-1502.0
64.5974,-17.6298,-1502.0
65.1821,-11.0981,-1502.0
61.5952,-16.6131,-1502.0
60.8151,-10.9752,-1502.0
55.0218,-18.4802,-1502.0
64.813,-17.2776,-1502.0
92.9809,-23.7368,-1502.0
69.3373,-14.5125,-1502.0
68.6263,-9.559619999999999,-1502.0
86.4043,-23.7005,-1502.0
58.2132,-10.2477,-1502.0
99.2589,-20.719,-1502.0
55.3723,-21.5982,-1502.0
55.4702,-9.38354,-1502.0
62.6741,-10.7017,-1502.0
65.808,-18.7558,-1502.0
109.279,-26.6011,-1498.0
124.663,-22.5146,-1498.0
133.145,-26.1019,-1498.0
145.33,-27.1186,-1498.0
113.617,-27.0049,-1498.0
147.57299999999998,-26.6703,-1498.0
151.903,-39.708,-1498.0
141.119,-40.3541,-1498.0
60.6336,-10.9159,-1497.5
73.8402,-0.1188,-1497.5
77.7196,-1.7281400000000002,-1497.5
56.8464,-4.54914,-1497.5
68.4225,-9.522730000000001,-1497.5
72.8331,-1.44387,-1497.5
73.6414,-0.00284476,-1497.5
100.03399999999999,-5.89174,-1497.5
75.2139,1.57865,-1497.5
89.079,-12.2518,-1497.5
96.5494,-12.7896,-1497.5
63.6599,-7.5931,-1497.5
62.5138,-10.6626,-1497.5
80.9938,-4.54371,-1497.5
67.4274,-2.02152,-1497.5
59.9731,-1.38471,-1497.5
55.2865,-9.34153,-1497.5
58.4909,-5.02965,-1497.5
64.9895,-11.1083,-1497.5
58.0371,-10.2445,-1497.5
89.8119,-12.2593,-1497.5
93.3126,-10.0773,-1497.5
93.4809,-9.38837,-1497.5
81.1803,-8.5206,-1497.5
145.716,-27.1671,-1502.0
125.00399999999999,-22.5614,-1502.0
172.917,-20.2083,-1502.0
149.657,-23.3398,-1502.0
123.569,-10.0432,-1502.0
155.68200000000002,-17.0469,-1502.0
108.917,-9.917639999999999,-1502.0
133.525,-26.1733,-1502.0
169.524,-23.1174,-1502.0
118.72200000000001,-15.4756,-1502.0
168.61599999999999,-20.5676,-1502.0
156.069,-13.3651,-1502.0
147.94799999999998,-26.7211,-1502.0
141.141,-8.402330000000001,-1498.0
170.727,-6.0662199999999995,-1498.0
161.08,-5.8705,-1498.0
155.655,-13.3779,-1498.0
158.724,-11.818,-1498.0
123.227,-9.9767,-1498.0
129.274,-1.99744,-1498.0
137.32399999999998,1.93497,-1498.0
108.527,-9.84764,-1498.0
165.062,-7.40605,-1498.0
105.104,-2.2814799999999997,-1498.0
74.0841,-0.112776,-1502.5
94.4069,3.3423800000000004,-1502.5
76.6883,12.681,-1502.5
67.633,-2.02482,-1502.5
77.9885,-1.71137,-1502.5
60.1328,-1.36123,-1502.5
82.3578,4.45044,-1502.5
75.42399999999999,1.5976299999999999,-1502.5
96.2166,5.440840000000001,-1502.5
96.7208,7.637169999999999,-1502.5
73.061,-1.44716,-1502.5
62.2129,4.46995,-1502.5
68.5369,9.43142,-1502.5
73.9641,-0.021911,-1502.5
69.3727,5.28421,-1502.5
55.4081,10.6551,-1502.5
82.9261,14.175,-1502.5
89.6388,4.42161,-1502.5
129.625,-1.94055,-1502.0
115.42399999999999,10.4669,-1502.0
175.255,9.829369999999999,-1502.0
150.731,5.592230000000001,-1502.0
122.911,12.8652,-1502.0
105.391,-2.2601,-1502.0
152.124,13.9655,-1502.0
109.399,9.2373,-1502.0
139.885,5.29104,-1502.0
119.493,20.1268,-1498.0
125.06299999999999,25.8007,-1498.0
115.09299999999999,10.4763,-1498.0
146.309,25.476999999999997,-1498.0
173.36700000000002,20.9536,-1498.0
172.054,19.1288,-1498.0
109.09299999999999,9.18495,-1498.0
173.393,16.6904,-1498.0
122.556,12.8299,-1498.0
160.189,30.7511,-1498.0
102.944,20.6958,-1498.0
151.703,13.9677,-1498.0
96.5666,24.2377,-1498.0
79.5729,27.5111,-1498.0
80.0939,25.0651,-1498.0
57.1096,20.6269,-1498.0
69.6092,19.7198,-1498.0
68.313,9.38157,-1498.0
76.456,12.6735,-1498.0
31.7338,13.9691,-1498.0
54.2868,7.21882,-1498.0
85.7701,19.0747,-1498.0
53.7887,15.6645,-1498.0
82.66799999999999,14.1648,-1498.0
81.0358,28.0165,-1498.0
63.1575,22.1817,-1498.0
50.3496,13.6048,-1498.0
51.8931,18.5004,-1498.0
62.6078,19.1702,-1498.0
55.2878,10.6253,-1498.0
61.6194,19.5499,-1498.0
66.796,20.2785,-1498.0
65.0141,23.6044,-1498.0
72.9212,16.8641,-1498.0
56.7387,16.6299,-1498.0
75.027,17.9867,-1498.0
143.185,32.0589,-1502.0
156.35,35.0524,-1502.0
125.398,25.8722,-1502.0
153.261,39.1029,-1502.0
126.17399999999999,32.1542,-1502.0
160.704,30.7861,-1502.0
118.304,30.726999999999997,-1502.0
103.226,20.76,-1502.0
111.88799999999999,30.2452,-1502.0
108.286,31.5553,-1502.0
147.44899999999998,38.7631,-1502.0
119.8,20.1896,-1502.0
152.58100000000002,37.8643,-1502.0
65.1686,23.6654,-1502.0
61.7652,19.6038,-1502.0
67.0109,20.3154,-1502.0
80.3037,25.1179,-1502.0
63.363,22.2139,-1502.0
62.7798,19.2122,-1502.0
50.5316,13.6518,-1502.0
85.7204,31.5287,-1502.0
55.3199,20.1966,-1502.0
90.2865,38.9403,-1502.0
53.9432,15.7046,-1502.0
92.1225,36.0748,-1502.0
90.8853,38.3765,-1502.0
85.78299999999999,30.8511,-1502.0
57.2388,20.7054,-1502.0
81.2752,28.0639,-1502.0
56.4313,28.2183,-1502.0
56.8745,16.7121,-1502.0
52.0341,18.5496,-1502.0
63.6053,29.5663,-1502.0
86.3821,44.1421,-1502.0
32.0645,14.0663,-1502.0
79.7819,27.5536,-1502.0
113.171,42.9673,-1498.0
125.096,49.6534,-1498.0
101.165,36.4119,-1498.0
105.12200000000001,30.5137,-1498.0
168.253,50.8294,-1498.0
108.00399999999999,31.4797,-1498.0
112.54899999999999,46.2393,-1498.0
148.696,47.7548,-1498.0
111.594,30.1515,-1498.0
140.711,48.7701,-1498.0
125.43299999999999,49.7817,-1502.0
113.49,43.0327,-1502.0
159.785,68.885,-1502.0
155.894,60.5318,-1502.0
112.87100000000001,46.3121,-1502.0
152.61,75.5552,-1502.0
101.43299999999999,36.4564,-1502.0
49.0688,36.6079,-1497.5
31.6902,13.9384,-1497.5
49.4279,39.4669,-1497.5
63.4169,29.45,-1497.5
56.277,28.1826,-1497.5
64.1426,47.4285,-1497.5
70.461,52.2973,-1497.5
64.4744,41.1813,-1497.5
59.9236,40.2104,-1497.5
65.6001,47.6339,-1497.5
61.2006,40.172,-1497.5
71.2022,38.3844,-1497.5
56.9052,36.3082,-1497.5
53.4941,38.9679,-1497.5
55.6989,36.39,-1497.5
50.0787,34.5293,-1497.5
43.0148,29.2622,-1497.5
45.2194,32.5484,-1497.5
76.5524,42.2494,-1497.5
55.6503,39.4096,-1497.5
76.391,49.1874,-1497.5
86.1628,43.9751,-1497.5
52.2337,34.6184,-1497.5
75.8895,48.8215,-1497.5
129.224,78.0726,-1498.0
152.234,75.3217,-1498.0
153.064,86.8299,-1498.0
90.5395,54.1217,-1498.0
143.92700000000002,85.8615,-1498.0
94.6472,51.3732,-1498.0
151.22,82.3692,-1498.0
137.256,71.7295,-1498.0
115.193,83.0002,-1502.0
136.47,91.4541,-1502.0
96.20100000000001,75.8689,-1502.0
98.8495,76.0468,-1502.0
65.8484,56.0097,-1502.5
68.3371,56.8201,-1502.5
39.4832,39.9356,-1502.5
68.0521,61.3111,-1502.5
49.2225,36.681,-1502.5
38.5475,40.056999999999995,-1502.5
49.5641,39.6029,-1502.5
52.4228,34.7457,-1502.5
60.1068,40.3222,-1502.5
53.6696,39.0983,-1502.5
29.4989,23.5042,-1502.5
45.3417,32.6432,-1502.5
41.9593,42.8395,-1502.5
55.8011,39.538000000000004,-1502.5
53.5441,46.6844,-1502.5
60.426,56.9019,-1502.5
64.3999,54.1151,-1502.5
70.7004,52.4605,-1502.5
73.3389,56.1605,-1502.5
69.5343,66.8511,-1502.5
48.6762,48.3132,-1502.5
52.8699,42.6236,-1502.5
42.3568,41.0749,-1502.5
64.3736,47.5829,-1502.5
44.5819,44.6191,-1502.5
63.49100000000001,51.2346,-1502.5
43.1747,29.3773,-1502.5
70.6793,58.7548,-1502.5
49.5823,47.772,-1502.5
42.9864,38.2591,-1502.5
40.8446,36.9558,-1502.5
95.8994,75.7019,-1498.0
88.9763,76.9071,-1498.0
79.7556,70.2252,-1498.0
98.5982,75.7982,-1498.0
109.194,95.9054,-1498.0
49.4173,47.6593,-1498.0
40.7362,36.8021,-1498.0
46.9068,61.1954,-1498.0
37.8424,47.0409,-1498.0
44.4593,44.4718,-1498.0
42.8028,38.144,-1498.0
52.6972,62.8168,-1498.0
56.6382,75.2839,-1498.0
55.1681,68.7124,-1498.0
38.4312,39.9544,-1498.0
44.8821,65.2918,-1498.0
42.2609,40.974,-1498.0
41.8402,42.7141,-1498.0
35.8116,43.8932,-1498.0
39.3683,39.8198,-1498.0
32.4931,47.5527,-1498.0
39.3278,58.8656,-1498.0
46.6114,53.4586,-1498.0
56.0084,73.4687,-1498.0
59.8126,67.6834,-1498.0
61.6321,71.2766,-1498.0
40.556999999999995,51.528,-1498.0
48.5473,48.1804,-1498.0
79.9804,70.3991,-1502.0
114.257,109.626,-1502.0
71.5894,77.3523,-1502.0
90.2732,100.915,-1502.0
113.648,115.16799999999999,-1502.0
111.191,120.206,-1502.0
123.445,113.723,-1502.0
111.09899999999999,114.24600000000001,-1502.0
83.675,84.2054,-1502.0
95.6384,106.846,-1502.0
94.1667,94.5556,-1502.0
71.3714,77.1443,-1498.0
81.8685,111.54299999999999,-1498.0
112.697,130.746,-1498.0
75.167,87.3504,-1498.0
95.3664,106.588,-1498.0
62.2482,86.8982,-1498.0
83.9088,102.02600000000001,-1498.0
90.0113,100.68700000000001,-1498.0
80.057,94.9611,-1498.0
71.9829,91.9686,-1498.0
37.0749,69.8275,-1502.0
39.4227,59.0209,-1502.0
38.6173,63.8311,-1502.0
27.4756,55.9845,-1502.0
35.9164,44.0169,-1502.0
39.3142,66.2123,-1502.0
34.3347,70.9095,-1502.0
47.056999999999995,61.3355,-1502.0
32.6011,47.6978,-1502.0
30.0548,53.398999999999994,-1502.0
46.6812,85.3156,-1502.0
47.4334,78.9832,-1502.0
45.0202,65.4758,-1502.0
40.1029,78.7913,-1502.0
41.7992,79.0713,-1502.0
37.9008,47.1595,-1502.0
40.6615,51.6646,-1502.0
36.2275,65.0031,-1502.0
94.1085,136.629,-1502.0
101.19,136.882,-1502.0
82.0639,111.88,-1502.0
72.1636,92.2074,-1502.0
60.4974,101.631,-1502.0
62.3646,87.1925,-1502.0
64.0654,91.9757,-1502.0
105.601,140.577,-1502.0
65.2809,104.01299999999999,-1502.0
86.4338,131.796,-1502.0
80.2253,130.012,-1502.0
65.1963,101.277,-1498.0
86.5959,148.945,-1498.0
67.7322,130.799,-1498.0
60.3265,101.37100000000001,-1498.0
78.431,143.679,-1498.0
72.4848,138.201,-1498.0
82.0734,155.005,-1498.0
61.6004,109.431,-1498.0
65.1293,103.726,-1498.0
76.5839,148.438,-1498.0
38.4163,86.4083,-1497.5
41.631,78.8825,-1497.5
18.1746,56.8776,-1497.5
29.9688,53.2099,-1497.5
27.3817,55.8487,-1497.5
21.1954,62.0801,-1497.5
32.6769,68.0596,-1497.5
27.963,79.8558,-1497.5
35.8965,83.0689,-1497.5
39.9628,78.5993,-1497.5
32.7731,96.4332,-1497.5
15.5514,56.6855,-1497.5
34.2303,70.6843,-1497.5
37.0235,69.5882,-1497.5
30.861,91.4251,-1497.5
69.6944,147.754,-1502.0
38.8265,96.7843,-1502.0
52.2379,120.598,-1502.0
42.5951,102.596,-1502.0
46.2591,108.419,-1502.0
36.8498,97.7542,-1502.0
67.6354,153.86,-1502.0
63.1516,160.912,-1502.0
63.2893,151.197,-1502.0
38.099000000000004,109.345,-1498.0
36.7193,97.5193,-1498.0
39.3785,130.155,-1498.0
29.6695,108.975,-1498.0
39.9463,139.401,-1498.0
32.2704,102.025,-1498.0
42.4869,102.29799999999999,-1498.0
39.7464,132.421,-1498.0
13.1173,59.0282,-1502.5
6.15097,41.5773,-1502.5
9.17896,70.0393,-1502.5
21.2515,62.2816,-1502.5
15.5826,56.8744,-1502.5
16.6435,83.9968,-1502.5
26.5113,96.82700000000001,-1502.5
18.246,57.0448,-1502.5
39.8678,166.778,-1502.0
23.5066,133.466,-1502.0
22.8711,116.569,-1502.0
29.7372,109.292,-1502.0
40.0688,139.787,-1502.0
39.8383,132.80200000000002,-1502.0
22.0521,116.60700000000001,-1502.0
39.6592,151.477,-1502.0
24.2645,114.195,-1502.0
7.21663,81.1809,-1498.0
6.45413,86.1498,-1498.0
1.69209,58.1434,-1498.0
9.48044,62.5769,-1498.0
2.12131,101.196,-1498.0
2.0933599999999997,64.5165,-1498.0
-2.3012900000000003,59.0219,-1498.0
-0.9497629999999999,89.5774,-1498.0
7.083710000000001,77.5802,-1498.0
6.78052,92.2088,-1498.0
2.57682,77.0322,-1498.0
1.27536,84.0747,-1498.0
2.34217,54.9324,-1498.0
9.12974,69.80199999999999,-1498.0
8.890369999999999,73.7705,-1498.0
3.52909,74.4746,-1498.0
-0.674288,95.6268,-1498.0
1.07595,94.9238,-1498.0
-1.77662,63.7766,-1498.0
3.81152,88.8969,-1498.0
24.1891,113.87200000000001,-1498.0
22.8085,116.28,-1498.0
22.0059,116.316,-1498.0
11.4531,107.98100000000001,-1498.0
23.4406,133.116,-1498.0
21.9077,136.965,-1498.0
20.4816,107.405,-1498.0
6.53817,108.398,-1502.0
1.8749799999999999,129.873,-1502.0
10.7631,168.385,-1502.0
11.4881,108.28200000000001,-1502.0
7.44785,115.08200000000001,-1502.0
5.34183,143.149,-1502.0
5.67689,160.14,-1502.0
-3.04153,114.47200000000001,-1502.0
6.74816,128.097,-1502.0
2.10859,152.105,-1502.0
9.99128,156.342,-1502.0
-9.08243,101.065,-1502.0
1.26678,84.2748,-1502.0
-7.479439999999999,47.5583,-1502.0
1.7055799999999999,58.3065,-1502.0
-8.1091,82.3245,-1502.0
-2.2744,59.1696,-1502.0
-1.7977400000000001,63.9467,-1502.0
-4.14354,61.8891,-1502.0
-8.4263,58.9521,-1502.0
-9.24709,70.0184,-1502.0
-13.1128,82.1752,-1502.0
-10.8595,85.4081,-1502.0
2.1047700000000003,64.7052,-1502.0
-13.772,83.8126,-1502.0
-0.702368,95.9124,-1502.0
-8.36048,82.3322,-1502.0
-0.973881,89.8032,-1502.0
2.31115,55.073,-1502.0
-15.7209,98.7445,-1502.0
-7.8465,57.3204,-1502.0
-6.33265,161.333,-1498.0
-8.27706,167.662,-1498.0
-4.30376,120.696,-1498.0
-8.15902,162.944,-1498.0
-8.7133,164.106,-1498.0
-5.02779,159.092,-1498.0
-13.2822,169.82299999999998,-1498.0
-5.498130000000001,111.431,-1498.0
0.608118,141.756,-1498.0
-8.796710000000001,141.01,-1498.0
-14.2803,150.273,-1498.0
-3.05012,114.15100000000001,-1498.0
1.84585,129.50799999999998,-1498.0
-2.5273,150.47799999999998,-1498.0
-12.2441,136.701,-1498.0
-8.68093,112.522,-1498.0
0.369041,158.327,-1498.0
-24.0615,138.291,-1502.0
-23.9642,136.50799999999998,-1502.0
-22.6973,124.53,-1502.0
-8.6919,112.796,-1502.0
-21.7261,120.463,-1502.0
-15.7871,123.851,-1502.0
-15.3408,141.459,-1502.0
-14.2789,150.67700000000002,-1502.0
-17.301,112.62700000000001,-1502.0
-26.9575,171.979,-1502.0
-13.106,81.8987,-1497.5
-15.6406,98.4534,-1497.5
-7.83805,57.1718,-1497.5
-16.3657,64.8481,-1497.5
-21.2645,72.402,-1497.5
-14.4765,63.6189,-1497.5
-26.2995,86.7348,-1497.5
-24.6307,87.4945,-1497.5
-14.8405,54.8543,-1497.5
-7.48872,47.3636,-1497.5
-15.0337,63.3695,-1497.5
-9.17505,69.8088,-1497.5
-17.9572,74.9113,-1497.5
-24.5574,97.4697,-1497.5
-19.262,55.0655,-1497.5
-18.3165,77.0434,-1497.5
-8.37785,58.7776,-1497.5
-28.5499,83.9002,-1497.5
-21.6655,120.147,-1498.0
-26.6134,104.309,-1498.0
-22.6113,124.2,-1498.0
-23.8814,136.15200000000002,-1498.0
-23.9886,137.918,-1498.0
-33.510999999999996,129.268,-1498.0
-33.9801,170.79,-1498.0
-34.7842,136.428,-1498.0
-22.8879,105.066,-1498.0
-35.7813,66.3279,-1502.5
-29.4885,71.1263,-1502.5
-29.8415,55.9077,-1502.5
-32.7943,57.81,-1502.5
-14.9088,55.0034,-1502.5
-44.361999999999995,90.9632,-1502.5
-21.2996,72.6534,-1502.5
-35.9233,71.5051,-1502.5
-29.9775,66.2965,-1502.5
-33.4952,93.2116,-1502.5
-29.5234,57.2302,-1502.5
-28.9048,62.6616,-1502.5
-31.6263,75.1115,-1502.5
-28.6289,84.2072,-1502.5
-19.3362,55.2396,-1502.5
-31.4007,58.8879,-1502.5
-22.0998,51.7204,-1502.5
-37.0663,86.0235,-1502.5
-27.6689,59.1551,-1502.5
-28.5829,77.9552,-1502.5
-26.6958,104.587,-1502.0
-61.8833,162.93200000000002,-1502.0
-47.3622,141.96,-1502.0
-39.0588,115.51299999999999,-1502.0
-48.6292,119.995,-1502.0
-42.9539,134.687,-1502.0
-40.2629,129.96200000000002,-1502.0
-40.0138,130.477,-1502.0
-48.4935,119.66799999999999,-1498.0
-52.1016,99.6166,-1498.0
-65.2687,137.359,-1498.0
-77.6771,156.054,-1498.0
-50.4108,120.04899999999999,-1498.0
-73.1476,146.291,-1498.0
-58.7402,140.562,-1498.0
-54.1539,131.25,-1498.0
-65.8283,154.565,-1498.0
-58.2031,137.641,-1498.0
-36.9096,47.1687,-1498.0
-46.873000000000005,72.1357,-1498.0
-45.6428,80.0804,-1498.0
-43.6665,58.0036,-1498.0
-31.3161,58.7109,-1498.0
-29.4554,57.0143,-1498.0
-35.0809,47.6296,-1498.0
-36.3709,51.4571,-1498.0
-29.7778,55.7222,-1498.0
-42.3343,57.0737,-1498.0
-39.2368,50.2008,-1498.0
-40.9541,51.0894,-1498.0
-52.8138,84.9881,-1498.0
-27.5486,58.9745,-1498.0
-35.7352,46.305,-1498.0
-22.0465,51.5269,-1498.0
-46.8998,70.0742,-1498.0
-37.0517,49.9844,-1498.0
-52.5933,80.1826,-1498.0
-32.9198,45.5234,-1498.0
-35.6423,66.1534,-1498.0
-35.8326,71.2486,-1498.0
-47.9088,83.9696,-1498.0
-31.1067,49.2783,-1498.0
-28.8195,62.4838,-1498.0
-47.6255,63.8899,-1498.0
-32.648,57.6308,-1498.0
-30.9772,45.5263,-1498.0
-73.3172,146.683,-1502.0
-77.815,156.505,-1502.0
-69.6676,116.90799999999999,-1502.0
-82.6003,136.511,-1502.0
-91.5128,148.73,-1502.0
-52.2651,99.8448,-1502.0
-60.9086,106.012,-1502.0
-81.33,148.019,-1502.0
-70.9837,89.3589,-1498.0
-85.7801,131.372,-1498.0
-75.6505,115.523,-1498.0
-72.6382,96.2623,-1498.0
-49.5212,55.6337,-1502.0
-56.7624,58.03,-1502.0
-35.1743,47.7663,-1502.0
-31.2061,49.4332,-1502.0
-40.6009,46.8062,-1502.0
-47.7478,64.0278,-1502.0
-61.093999999999994,62.0238,-1502.0
-60.4508,69.9705,-1502.0
-43.7897,58.1617,-1502.0
-59.2834,59.8269,-1502.0
-56.3946,53.6419,-1502.0
-62.5339,74.2572,-1502.0
-48.0667,55.4705,-1502.0
-42.4247,57.2563,-1502.0
-61.153999999999996,65.7895,-1502.0
-41.0863,51.2239,-1502.0
-70.0166,72.0089,-1502.0
-36.4485,51.5679,-1502.0
-61.7985,63.0027,-1502.0
-31.0291,45.6846,-1502.0
-35.8545,46.4071,-1502.0
-56.1653,62.1042,-1502.0
-58.4602,64.7911,-1502.0
-45.4183,45.7486,-1502.0
-56.8007,65.5427,-1502.0
-37.1835,50.1188,-1502.0
-42.1378,37.7503,-1502.0
-33.0436,45.6565,-1502.0
-52.4544,65.0732,-1502.0
-39.347,50.3423,-1502.0
-42.9564,37.9388,-1502.0
-37.0149,47.3038,-1502.0
-56.1995,65.3008,-1502.0
-112.889,123.073,-1502.0
-75.8255,84.6214,-1502.0
-112.955,134.579,-1502.0
-84.7869,105.245,-1502.0
-106.588,137.399,-1502.0
-72.2881,78.5614,-1502.0
-96.4756,110.82,-1502.0
-68.8399,79.8092,-1502.0
-72.8007,96.5538,-1502.0
-111.015,130.925,-1502.0
-100.262,117.18,-1502.0
-113.785,134.247,-1502.0
-94.7504,88.4225,-1498.0
-109.419,99.9088,-1498.0
-121.41,111.97,-1498.0
-109.68299999999999,107.177,-1498.0
-76.4575,75.7857,-1498.0
-68.6888,79.5429,-1498.0
-75.6077,84.4111,-1498.0
-112.527,122.816,-1498.0
-103.744,97.6271,-1498.0
-119.375,124.25399999999999,-1498.0
-98.2885,103.8,-1498.0
-116.13799999999999,108.819,-1498.0
-64.1713,59.0164,-1497.5
-61.5886,62.8264,-1497.5
-47.2132,30.6251,-1497.5
-67.4738,56.5431,-1497.5
-61.9841,44.4243,-1497.5
-41.963,37.6481,-1497.5
-44.6985,32.3569,-1497.5
-62.6811,59.0252,-1497.5
-59.1414,59.6185,-1497.5
-30.3652,21.6274,-1497.5
-46.8293,35.4918,-1497.5
-53.1996,36.3298,-1497.5
-67.425,65.5098,-1497.5
-56.5941,57.8374,-1497.5
-56.5365,45.9524,-1497.5
-74.8916,62.483999999999995,-1497.5
-71.9865,50.4685,-1497.5
-42.8169,37.8513,-1497.5
-69.5247,64.8702,-1497.5
-73.4996,51.8265,-1497.5
-24.4094,20.9706,-1497.5
-56.9553,42.4306,-1497.5
-60.9546,61.8246,-1497.5
-45.2853,45.6144,-1497.5
-54.4547,36.2839,-1497.5
-60.193999999999996,41.8433,-1497.5
-58.5698,49.2014,-1497.5
-95.3133,70.1458,-1502.0
-107.249,90.6505,-1502.0
-94.4106,70.7611,-1502.0
-120.551,89.67299999999999,-1502.0
-88.709,72.2007,-1502.0
-117.354,100.406,-1502.0
-95.0017,88.6696,-1502.0
-131.108,106.368,-1502.0
-92.3879,70.9482,-1502.0
-77.3666,48.026,-1502.5
-81.6047,43.5862,-1502.5
-73.7079,52.0586,-1502.5
-54.6693,36.4042,-1502.5
-72.2164,50.6169,-1502.5
-53.4002,36.4298,-1502.5
-62.1785,44.5829,-1502.5
-60.3954,42.0242,-1502.5
-78.8194,50.4997,-1502.5
-44.856,32.5017,-1502.5
-46.972,35.6162,-1502.5
-57.1356,42.6068,-1502.5
-56.8342,27.058000000000003,-1502.5
-47.4003,30.7182,-1502.5
-52.3256,27.7624,-1502.5
-55.4094,27.7682,-1502.5
-57.4124,31.9278,-1502.5
-63.32,34.8442,-1502.5
-79.9354,50.8317,-1502.5
-93.9433,59.8375,-1498.0
-134.64700000000002,85.3567,-1498.0
-94.1572,70.5901,-1498.0
-146.72899999999998,91.4686,-1498.0
-120.20100000000001,89.461,-1498.0
-132.97,95.0563,-1498.0
-129.714,94.5231,-1498.0
-120.64299999999999,87.8847,-1498.0
-131.703,95.9461,-1498.0
-143.386,100.919,-1498.0
-138.012,96.9949,-1498.0
-92.1635,64.464,-1498.0
-130.045,65.5378,-1502.0
-94.1972,59.9936,-1502.0
-94.1757,53.68600000000001,-1502.0
-96.3631,45.5182,-1502.0
-92.3117,49.8434,-1502.0
-97.9011,55.7039,-1502.0
-137.12,66.9034,-1502.0
-147.507,76.4922,-1502.0
-113.94,57.4261,-1502.0
-154.036,79.8737,-1502.0
-102.25299999999999,47.6544,-1502.0
-100.17200000000001,53.4772,-1502.0
-100.109,46.4231,-1502.0
-57.2389,31.8541,-1498.0
-60.0379,24.9497,-1498.0
-56.7018,26.9773,-1498.0
-51.8437,18.7413,-1498.0
-55.2551,27.677,-1498.0
-74.1997,26.9191,-1498.0
-91.4202,40.6005,-1498.0
-78.9435,33.1054,-1498.0
-67.3924,26.1559,-1498.0
-60.4386,25.8733,-1498.0
-59.7046,26.4893,-1498.0
-53.4292,19.8851,-1498.0
-70.6876,24.8149,-1498.0
-54.4098,13.6887,-1498.0
-62.801,21.1152,-1498.0
-74.1355,27.3796,-1498.0
-57.9054,15.8402,-1498.0
-63.095,34.7669,-1498.0
-136.806,66.4453,-1498.0
-129.689,65.3797,-1498.0
-135.42,62.1168,-1498.0
-136.756,66.7512,-1498.0
-99.8321,46.3484,-1498.0
-126.14299999999999,53.0469,-1498.0
-104.068,45.7048,-1498.0
-143.881,55.9052,-1498.0
-96.0616,45.4488,-1498.0
-92.0791,49.7027,-1498.0
-113.646,57.2579,-1498.0
-103.557,37.7724,-1498.0
-136.509,53.1966,-1498.0
-106.14299999999999,49.2291,-1498.0
-101.964,47.5084,-1498.0
-154.421,65.0406,-1498.0
-147.166,69.2161,-1498.0
-122.079,36.196999999999996,-1502.0
-164.207,47.6276,-1502.0
-150.05700000000002,49.5821,-1502.0
-160.746,53.9556,-1502.0
-144.27100000000002,56.0276,-1502.0
-117.523,37.0431,-1502.0
-146.417,52.1591,-1502.0
-136.868,53.3352,-1502.0
-91.7013,19.2645,-1502.0
-65.8654,10.9022,-1502.0
-63.4007,6.71103,-1502.0
-67.7724,9.81742,-1502.0
-70.9016,24.8636,-1502.0
-73.1616,18.7729,-1502.0
-65.2377,7.97479,-1502.0
-99.1541,17.3001,-1502.0
-58.0225,15.9097,-1502.0
-53.574,19.9323,-1502.0
-62.9964,21.166,-1502.0
-94.8139,25.3081,-1502.0
-90.7616,21.25,-1502.0
-51.9988,18.7829,-1502.0
-54.5408,13.7368,-1502.0
-147.332,36.5783,-1498.0
-141.234,28.6209,-1498.0
-121.73299999999999,36.1561,-1498.0
-147.691,26.133000000000003,-1498.0
-131.58700000000002,24.8624,-1498.0
-120.39399999999999,20.3292,-1498.0
-104.36200000000001,24.1606,-1498.0
-162.542,39.3698,-1498.0
-64.7601,-2.80262,-1497.5
-88.8258,6.865360000000001,-1497.5
-65.6756,10.8613,-1497.5
-79.7266,2.0365599999999997,-1497.5
-78.2384,3.02283,-1497.5
-67.564,9.756089999999999,-1497.5
-79.7559,5.24876,-1497.5
-74.4246,3.4465,-1497.5
-65.0422,7.9526699999999995,-1497.5
-100.331,11.2315,-1497.5
-86.6146,4.13344,-1497.5
-64.1588,4.12155,-1497.5
-57.0897,1.4587,-1497.5
-58.0317,-0.47334799999999994,-1497.5
-63.2219,6.706,-1497.5
-84.0171,8.89433,-1497.5
-123.845,20.2795,-1502.0
-169.298,16.2202,-1502.0
-148.075,26.1331 -1502.0
-172.99200000000002,17.2907,-1502.0
-134.299,11.2652,-1502.0
-120.712,20.3473,-1502.0
-161.05200000000002,15.7242,-1502.0
-131.941,24.9427,-1502.0
-150.172,2.31294,-1498.0
-162.762,1.14311,-1498.0
-170.088,15.1965,-1498.0
-106.331,-3.01748,-1498.0
-104.698,6.18255,-1498.0
-134.727,-0.253096,-1498.0
-168.856,16.1906,-1498.0
